{
  "Identity": [
    125.11043548583984,
    160.76055908203125,
    -21.319345474243164,
    125.38561248779297,
    137.47122192382812,
    -39.84571838378906,
    126.19456481933594,
    143.68951416015625
  ],
  "Identity_1": [
    -14.203695297241211
  ],
  "Identity_2": [
    0.9998701214790344
  ]
}