{
  "regressors": [
    0.0866900086402893,
    -0.8564544916152954,
    27.473264694213867,
    27.472965240478516,
    -2.7312426567077637,
    -5.645308494567871,
    2.2625913619995117,
    -6.012896537780762
  ],
  "classificators": [
    -5.154168605804443,
    -4.476312160491943,
    -5.474170684814453,
    -4.712669372558594,
    -5.5585103034973145,
    -4.457036018371582,
    -5.508311748504639,
    -4.4363789558410645
  ]
}