{
  "Identity": [
    108.31602478027344,
    168.4774932861328,
    -3.0620460620411905e-06,
    106.35852813720703,
    149.94053649902344,
    3.2248010635375977,
    112.16158294677734,
    131.30892944335938
  ],
  "Identity_1": [
    0.0030270814895629883
  ],
  "Identity_2": [
    0.35205966234207153
  ],
  "Identity_3": [
    -0.0003340393304824829,
    0.026946552097797394,
    0.034999582916498184,
    -0.003384523093700409,
    0.012409113347530365,
    0.02757354825735092,
    -0.0008331821300089359,
    0.0013902485370635986
  ]
}