{
  "regressors": [
    4.956974029541016,
    2.6778104305267334,
    26.469228744506836,
    26.45537757873535,
    -11.74142837524414,
    -8.863385200500488,
    19.93799591064453,
    8.448174476623535
  ],
  "classifiers": [
    -10.15401840209961,
    -6.695347785949707,
    -11.164529800415039,
    -5.918534755706787,
    -11.618828773498535,
    -7.327696323394775,
    -10.864229202270508,
    -8.808182716369629
  ],
  "node_2": [
    -0.0034138979390263557,
    -0.003529675304889679,
    -0.003529675304889679,
    -0.003529675304889679,
    -0.003529675304889679,
    -0.003529675304889679,
    -0.003529675304889679,
    -0.003529675304889679
  ],
  "node_14": [
    0.8279327154159546,
    0.7989072799682617,
    0.8116861581802368,
    0.8031684756278992,
    0.803810179233551,
    0.8032227754592896,
    0.8032031655311584,
    0.8033071756362915
  ],
  "node_20": [
    0.7765800952911377,
    0.9792667627334595,
    0.9362711906433105,
    0.9329376220703125,
    0.9323916435241699,
    0.9323916435241699,
    0.9323916435241699,
    0.9323916435241699
  ],
  "node_32": [
    0.07118892669677734,
    0.08740085363388062,
    0.12084084749221802,
    0.11060204356908798,
    0.11355970799922943,
    0.1134495735168457,
    0.11134949326515198,
    0.11131559312343597
  ],
  "node_50": [
    0.16322754323482513,
    0.23055009543895721,
    0.153696209192276,
    0.21976880729198456,
    0.22164249420166016,
    0.21534541249275208,
    0.21320222318172455,
    0.21245712041854858
  ],
  "node_68": [
    0.055799953639507294,
    0.17499910295009613,
    0.12060228735208511,
    0.0891198143362999,
    0.08464908599853516,
    0.06597059220075607,
    0.06633832305669785,
    0.0821382999420166
  ],
  "node_85": [
    6.469760894775391,
    7.324858665466309,
    7.420027732849121,
    7.427164077758789,
    7.311699867248535,
    6.259506702423096,
    7.3402605056762695,
    6.2764177322387695
  ],
  "node_97": [
    1.3829655647277832,
    1.3568918704986572,
    1.065584659576416,
    1.3451402187347412,
    1.3192620277404785,
    1.395400047302246,
    1.3364651203155518,
    1.2567418813705444
  ]
}